{
    "scm_att": -19.513625717931564,
    "sdid_tau": -10.9013903356417,
    "difference": 8.612235382289864,
    "zeta": 1.0,
    "eta": 0.1
}