{
    "att_avg": -19.513625717931564,
    "rmspe_pre": 1.6564002085410234,
    "rmspe_post": 20.605539438586963,
    "sparsity": 6,
    "max_weight": 0.3939030891630988,
    "gini_coeff": 0.2650894830934689,
    "rmspe_ratio": 12.439952212235328
}